IID,ADP,Resistance,rs4244285,rs4986893,rs662,AGE,SEX,PON1.192Q>R,CYP2C19*2,CYP2C19*3
1,11.320409943,0,0,0,1,70,1,A G,G G,A A
2,19.24798273,0,0,0,2,59,1,G G,G G,A A
3,22.530296615,0,0,0,1,69,1,A G,G G,A A
4,24.244171645,0,0,0,1,53,0,A G,G G,A A
5,27.982640405,0,0,0,2,44,0,G G,G G,A A
6,32.998694875,0,0,0,0,59,0,A A,G G,A A
7,42.592125284999995,0,0,0,2,76,0,G G,G G,A A
8,23.018354074999998,0,0,0,1,57,0,A G,G G,A A
9,43.348696375,0,1,0,1,57,1,A G,A G,A A
10,61.226949135,0,2,0,2,75,1,G G,A A,A A
11,85.72142506499999,1,0,0,1,75,1,A G,G G,A A
12,21.234197755,0,0,0,2,75,1,G G,G G,A A
13,25.032645255,0,0,0,2,77,0,G G,G G,A A
14,14.905349839,0,1,0,2,82,0,G G,A G,A A
15,32.527978205,0,0,0,2,83,0,G G,G G,A A
16,36.921295674999996,0,0,0,1,56,0,A G,G G,A A
17,24.880882065,0,1,0,2,77,0,G G,A G,A A
18,21.784827964999998,0,1,0,2,64,0,G G,A G,A A
19,23.065852925,0,0,0,2,59,0,G G,G G,A A
20,20.548067075,0,1,0,1,70,1,A G,A G,A A
21,23.551258385,0,1,0,2,82,1,G G,A G,A A
22,61.838089505,1,1,0,2,47,0,G G,A G,A A
23,95.10493128499999,1,2,0,1,81,1,A G,A A,A A
24,21.197543215,0,0,0,1,84,1,A G,G G,A A
25,91.917902435,1,2,0,2,78,1,G G,A A,A A
26,100.47888342499999,1,1,0,2,74,1,G G,A G,A A
27,33.235301265000004,0,1,0,2,76,0,G G,A G,A A
28,29.049671905,0,1,0,0,70,1,A A,A G,A A
29,22.783952955,0,1,0,2,81,0,G G,A G,A A
30,15.412491581000001,0,0,0,0,62,1,A A,G G,A A
31,39.042238534999996,0,0,0,1,71,1,A G,G G,A A
32,35.886477195,0,1,0,1,72,0,A G,A G,A A
33,30.434710735,0,0,0,2,79,1,G G,G G,A A
34,17.941520672000003,0,1,0,2,74,1,G G,A G,A A
35,14.763670822,0,0,0,1,60,0,A G,G G,A A
36,34.165299405,0,1,0,2,83,1,G G,A G,A A
37,41.091301075000004,0,1,0,2,80,0,G G,A G,A A
38,99.292033425,1,2,0,1,57,0,A G,A A,A A
39,18.608161438,0,0,0,1,81,1,A G,G G,A A
40,90.642708065,1,1,0,1,66,0,A G,A G,A A
41,44.694511635,0,0,0,2,57,0,G G,G G,A A
42,31.892766365,0,1,0,1,55,0,A G,A G,A A
43,34.102649415,0,0,0,1,78,1,A G,G G,A A
44,82.26035600499999,1,0,0,2,64,0,G G,G G,A A
45,78.897436075,1,2,0,2,76,0,G G,A A,A A
46,36.696187425000005,0,0,0,0,77,0,A A,G G,A A
47,24.201493055,0,1,0,1,49,0,A G,A G,A A
48,100.493714985,1,1,0,2,74,1,G G,A G,A A
49,24.779361885,0,1,0,2,79,1,G G,A G,A A
50,42.066882265000004,0,0,0,0,55,0,A A,G G,A A
51,75.513287025,1,0,0,2,58,0,G G,G G,A A
52,92.26803968499999,1,0,0,1,71,1,A G,G G,A A
53,88.665210045,1,1,0,0,52,0,A A,A G,A A
54,106.37074167499999,1,1,0,0,50,0,A A,A G,A A
55,94.025055045,1,0,0,2,67,0,G G,G G,A A
56,40.714832905,0,0,0,2,76,0,G G,G G,A A
57,24.424174335,0,0,0,2,73,1,G G,G G,A A
58,100.927535615,1,0,0,2,52,1,G G,G G,A A
59,103.639138065,1,1,0,2,62,1,G G,A G,A A
60,32.568877505,0,0,0,0,87,1,A A,G G,A A
61,28.870123055,0,0,0,2,83,0,G G,G G,A A
62,30.735513265,0,1,0,1,66,0,A G,A G,A A
63,27.211998685,0,0,0,2,81,0,G G,G G,A A
64,31.849607575,0,0,0,2,71,0,G G,G G,A A
65,99.775417535,1,0,1,2,61,1,G G,G G,A G
66,92.38575077499999,1,1,0,2,73,0,G G,A G,A A
67,12.022672396,0,0,0,2,61,0,G G,G G,A A
68,30.725861165,0,0,0,1,66,1,A G,G G,A A
69,109.342175785,1,0,0,2,53,0,G G,G G,A A
70,89.045140175,1,0,1,1,81,1,A G,G G,A G
71,98.248168775,1,0,0,0,64,0,A A,G G,A A
72,95.28780530499999,1,0,0,2,79,1,G G,G G,A A
73,54.026545365000004,0,0,0,1,57,0,A G,G G,A A
74,104.320535405,1,1,0,1,76,0,A G,A G,A A
75,35.681147835000004,0,1,0,1,66,0,A G,A G,A A
76,77.81063598499999,1,2,0,0,75,1,A A,A A,A A
77,98.803046775,1,1,0,0,70,0,A A,A G,A A
78,112.77429449499999,1,1,0,2,64,0,G G,A G,A A
79,100.823371775,1,0,0,1,75,0,A G,G G,A A
80,38.662531605,0,0,0,2,78,0,G G,G G,A A
81,38.937429275,0,2,0,2,68,1,G G,A A,A A
82,66.900069805,1,2,0,0,54,1,A A,A A,A A
84,24.152807025,0,1,0,2,62,0,G G,A G,A A
85,31.650248275,0,1,0,1,82,1,A G,A G,A A
86,16.755106591,0,0,0,1,67,0,A G,G G,A A
87,87.651948885,1,0,0,1,57,0,A G,G G,A A
88,16.42632694,0,2,0,0,78,0,A A,A A,A A
89,36.352028315,0,0,1,2,45,0,G G,G G,A G
90,35.759587225000004,0,1,0,2,68,0,G G,A G,A A
91,34.747683405000004,0,0,0,2,60,1,G G,G G,A A
92,92.99461352499999,1,0,0,1,74,0,A G,G G,A A
93,24.005408445,0,0,0,0,64,0,A A,G G,A A
94,38.316278335,0,0,0,0,75,1,A A,G G,A A
95,33.192556395,0,0,0,0,94,1,A A,G G,A A
96,99.89782669499999,1,1,0,2,64,0,G G,A G,A A
97,77.328262735,1,0,0,2,65,0,G G,G G,A A
98,28.755071195,0,0,0,2,80,1,G G,G G,A A
99,46.765106595000006,0,0,0,0,87,0,A A,G G,A A
100,74.876759565,1,0,0,2,59,1,G G,G G,A A
101,1.8764423370000003,0,1,0,0,63,0,A A,A G,A A
102,75.449515965,1,2,0,1,64,1,A G,A A,A A
103,24.905378165000002,0,0,0,0,41,1,A A,G G,A A
104,84.743347195,1,2,0,1,71,1,A G,A A,A A
105,25.826859345,0,0,0,1,84,0,A G,G G,A A
106,86.609171185,1,1,0,1,57,0,A G,A G,A A
107,33.112436305,0,0,0,1,50,0,A G,G G,A A
108,22.409716375000002,0,0,0,1,71,1,A G,G G,A A
109,27.777962275,0,1,0,1,61,1,A G,A G,A A
110,82.702670085,1,2,0,1,48,0,A G,A A,A A
111,97.752545255,1,1,0,2,85,0,G G,A G,A A
112,43.24202798500001,0,0,0,1,58,0,A G,G G,A A
113,85.060071725,1,0,0,1,61,0,A G,G G,A A
114,29.059235285,0,1,0,1,61,1,A G,A G,A A
115,30.307139345,0,1,0,2,61,0,G G,A G,A A
116,80.29552488499999,1,2,0,1,64,0,A G,A A,A A
117,79.062213235,1,2,0,1,59,0,A G,A A,A A
118,36.313713355000004,0,0,0,2,59,0,G G,G G,A A
119,95.665566765,1,1,0,1,50,0,A G,A G,A A
120,43.114286785000004,0,0,0,1,59,0,A G,G G,A A
121,17.581707334,0,0,0,1,79,1,A G,G G,A A
122,32.928850905000004,0,1,1,1,77,0,A G,A G,A G
123,62.399824984999995,0,1,0,1,72,1,A G,A G,A A
124,37.200956575,0,1,0,1,63,1,A G,A G,A A
125,78.03461629499999,1,0,0,2,63,0,G G,G G,A A
126,84.317480045,1,0,0,1,61,1,A G,G G,A A
127,35.082224575,0,1,0,2,38,0,G G,A G,A A
128,47.840184795,0,0,0,1,57,0,A G,G G,A A
129,42.498851965,0,0,0,1,65,0,A G,G G,A A
130,30.781094485,0,0,0,1,69,1,A G,G G,A A
131,103.884661895,1,0,0,2,57,0,G G,G G,A A
132,23.797628115000002,0,0,0,2,58,0,G G,G G,A A
133,25.499984455,0,1,0,2,76,0,G G,A G,A A
134,23.523364705,0,0,0,2,53,0,G G,G G,A A
135,43.584651865,0,1,0,2,76,1,G G,A G,A A
136,30.017220995,0,0,0,1,54,0,A G,G G,A A
137,37.525473915,0,0,0,1,59,0,A G,G G,A A
138,29.750400535,0,1,0,1,61,0,A G,A G,A A
139,18.272293734999998,0,0,0,1,48,0,A G,G G,A A
140,91.994773725,1,1,1,2,75,0,G G,A G,A G
141,92.24218023499999,1,2,0,2,56,0,G G,A A,A A
142,40.633416885,0,0,0,2,86,0,G G,G G,A A
143,44.085765365,0,0,0,2,68,0,G G,G G,A A
144,24.581310355,0,0,0,2,68,0,G G,G G,A A
145,24.069940815000002,0,1,0,2,64,0,G G,A G,A A
146,99.632589625,1,0,1,1,70,0,A G,G G,A G
147,8.935989875,0,0,0,1,68,0,A G,G G,A A
148,22.200002785000002,0,0,1,1,52,0,A G,G G,A G
149,55.087369095,0,1,0,2,66,0,G G,A G,A A
150,88.83894592499999,1,1,1,2,74,0,G G,A G,A G
151,26.736772305,0,0,1,1,81,0,A G,G G,A G
152,99.13834656499999,1,1,1,2,70,0,G G,A G,A G
153,50.335049095,0,1,0,2,81,0,G G,A G,A A
154,81.761544895,1,0,0,2,72,0,G G,G G,A A
155,24.718278675,0,0,0,1,55,0,A G,G G,A A
156,20.424925495,0,0,0,2,81,1,G G,G G,A A
157,40.784575815,0,1,0,2,64,0,G G,A G,A A
158,20.528742455,0,0,0,0,67,1,A A,G G,A A
159,26.813759795,0,1,0,2,71,1,G G,A G,A A
160,25.234555455,0,1,0,2,75,0,G G,A G,A A
161,92.129267835,1,1,0,1,76,0,A G,A G,A A
162,29.338187535,0,0,0,1,60,0,A G,G G,A A
163,23.203501575,0,0,0,1,46,0,A G,G G,A A
164,79.858851335,1,0,0,2,70,0,G G,G G,A A
165,37.285025715,0,1,0,1,51,0,A G,A G,A A
166,5.579179013,0,1,0,2,77,0,G G,A G,A A
167,20.517497974999998,0,0,0,2,47,0,G G,G G,A A
168,25.829468995,0,0,0,2,75,0,G G,G G,A A
169,25.290848475,0,0,0,1,72,1,A G,G G,A A
170,90.280400785,1,1,1,2,67,0,G G,A G,A G
171,107.824154405,1,0,0,1,46,0,A G,G G,A A
172,97.062806455,1,0,0,1,70,1,A G,G G,A A
173,33.858753175000004,0,1,0,2,57,0,G G,A G,A A
174,37.145455675,0,0,0,2,62,0,G G,G G,A A
175,103.93672576499999,1,1,0,2,67,1,G G,A G,A A
176,46.200747945,0,1,0,1,77,0,A G,A G,A A
177,92.814771885,1,1,1,1,51,0,A G,A G,A G
178,30.002337135,0,0,0,2,76,1,G G,G G,A A
179,24.738578475,0,1,0,1,76,0,A G,A G,A A
180,23.644408535,0,0,0,1,70,0,A G,G G,A A
181,21.050041325000002,0,0,0,2,46,0,G G,G G,A A
182,38.902599205,0,0,0,2,77,1,G G,G G,A A
183,34.854718434999995,0,1,0,2,57,0,G G,A G,A A
184,93.025783105,1,1,1,1,66,0,A G,A G,A G
185,23.729166255000003,0,1,0,1,77,1,A G,A G,A A
186,33.573167354999995,0,0,0,0,74,0,A A,G G,A A
187,31.350832505,0,0,0,2,55,0,G G,G G,A A
188,48.317794525,0,1,0,2,54,0,G G,A G,A A
189,101.314017775,1,0,0,1,68,0,A G,G G,A A
190,1,0,1,0,1,77,1,A G,A G,A A
191,37.641991855,0,0,0,2,60,1,G G,G G,A A
192,24.970979425,0,1,0,1,63,0,A G,A G,A A
193,23.145920845,0,0,0,2,55,0,G G,G G,A A
194,27.221370775,0,0,0,2,53,0,G G,G G,A A
195,101.111526145,1,1,0,0,49,0,A A,A G,A A
196,35.810993075,0,1,0,2,54,0,G G,A G,A A
197,1.0501643129999998,0,0,0,2,54,0,G G,G G,A A
198,48.700963555,0,0,0,2,80,1,G G,G G,A A
199,46.972682995,0,0,0,2,63,0,G G,G G,A A
200,51.86076142500001,0,1,0,2,77,1,G G,A G,A A
201,25.374396025000003,0,0,0,2,68,0,G G,G G,A A
202,105.099629455,1,1,0,2,83,0,G G,A G,A A
203,106.192509045,1,1,0,1,64,0,A G,A G,A A
204,36.162775284999995,0,1,0,1,54,0,A G,A G,A A
205,91.316705715,1,1,0,2,62,0,G G,A G,A A
206,18.508588653,0,1,0,1,80,0,A G,A G,A A
207,14.43383356,0,1,0,2,60,0,G G,A G,A A
208,86.409014615,1,1,1,1,62,1,A G,A G,A G
209,81.891629185,1,1,0,1,45,0,A G,A G,A A
211,87.081276535,1,1,0,2,61,1,G G,A G,A A
212,108.051148235,1,1,0,2,31,0,G G,A G,A A
213,95.238288115,1,0,0,2,70,0,G G,G G,A A
